{
  "arch": "vgg16",
  "trained_on": "mnist",
  "eval_on": "mnist",
  "train_loss": 0.007062695117960512,
  "train_acc": 0.9978518518518519,
  "val_loss": 0.025233320837219558,
  "val_acc": 0.9953333333333333,
  "test_loss": 0.022257702619890914,
  "test_acc": 0.9936
}