{
  "arch": "googlenet",
  "trained_on": "mnist",
  "eval_on": "mnist",
  "train_loss": 0.006307940935698786,
  "train_acc": 0.998,
  "val_loss": 0.0323808588484923,
  "val_acc": 0.9923333333333333,
  "test_loss": 0.026011645907280036,
  "test_acc": 0.9923
}