{
  "arch": "lenet",
  "trained_on": "svhn",
  "eval_on": "svhn",
  "train_loss": 0.21303584480928592,
  "train_acc": 0.9373293696535825,
  "val_loss": 0.4364088072915126,
  "val_acc": 0.8817747440273037,
  "test_loss": 0.4900057351545241,
  "test_acc": 0.8645513214505224
}