{
  "arch": "alexnet",
  "trained_on": "svhn",
  "eval_on": "svhn",
  "train_loss": 0.05623679997224632,
  "train_acc": 0.9877904507674574,
  "val_loss": 0.2608631893473681,
  "val_acc": 0.9337883959044369,
  "test_loss": 0.2652387323468173,
  "test_acc": 0.9312384757221881
}