{
  "arch": "vgg16",
  "trained_on": "svhn",
  "eval_on": "svhn",
  "train_loss": 2.2379192889391244,
  "train_acc": 0.1890887581144209,
  "val_loss": 2.2357678457657224,
  "val_acc": 0.19030716723549487,
  "test_loss": 2.2255754992503216,
  "test_acc": 0.1958743085433313
}