{
  "arch": "vgg16",
  "trained_on": "svhn",
  "eval_on": "svhn",
  "train_loss": 0.016366321441758636,
  "train_acc": 0.9964053873688042,
  "val_loss": 0.2238196137547493,
  "val_acc": 0.9456655290102389,
  "test_loss": 0.1985211043258569,
  "test_acc": 0.9514443761524278
}