{
  "arch": "densenet121",
  "trained_on": "svhn",
  "eval_on": "svhn",
  "train_loss": 0.007920139438370362,
  "train_acc": 0.9974822544439725,
  "val_loss": 0.360951126969003,
  "val_acc": 0.9438907849829351,
  "test_loss": 0.30493936056217386,
  "test_acc": 0.9449523663183774
}