{
  "arch": "resnet18",
  "trained_on": "svhn",
  "eval_on": "svhn",
  "train_loss": 0.0016236457997654305,
  "train_acc": 0.9994843171752715,
  "val_loss": 0.3610281666604732,
  "val_acc": 0.950580204778157,
  "test_loss": 0.3278859955955299,
  "test_acc": 0.9517516902274125
}